<?xml version="1.0" encoding="UTF-8"?>
<project-private xmlns="http://www.netbeans.org/ns/project-private/1">
    <editor-bookmarks xmlns="http://www.netbeans.org/ns/editor-bookmarks/2" lastBookmarkId="0"/>
    <open-files xmlns="http://www.netbeans.org/ns/projectui-open-files/2">
        <group>
            <file>file:/C:/xampp/htdocs/TPE/production/Rel_Voluntarios_C001_ajax.php</file>
            <file>file:/C:/xampp/htdocs/TPE/production/Rel_Voluntarios_C001_ajax.js</file>
            <file>file:/C:/xampp/htdocs/TPE/production/menu.php</file>
            <file>file:/C:/xampp/htdocs/TPE/production/Cadastro_Voluntarios_M001_ajax.php</file>
            <file>file:/C:/xampp/htdocs/TPE/production/rel_Voluntarios.php</file>
            <file>file:/C:/xampp/htdocs/TPE/production/Rel_Voluntarios_C001.php</file>
            <file>file:/C:/xampp/htdocs/TPE/production/Cadastro_Voluntarios_M001_ajax.js</file>
        </group>
    </open-files>
</project-private>
